goals,shots,xG,time,position,h_team,a_team,h_goals,a_goals,date,season,xA,assists,key_passes,npg,npxG,xGChain,xGBuildup
2,4,0.867835641,90,AMR,Bournemouth,Liverpool,0,2,2025-02-01,2024,0.204263061,0,2,1,0.106666766,1.616778255,1.305848479
1,3,0.409520328,90,AMR,Liverpool,Ipswich,4,1,2025-01-25,2024,0.084178716,0,1,1,0.409520328,1.099812388,0.606113315
0,3,0.267979831,90,AMR,Brentford,Liverpool,0,2,2025-01-18,2024,1.0072335,0,7,0,0.267979831,1.917147517,0.763453841
0,6,0.390731186,90,AMR,Nottingham Forest,Liverpool,1,1,2025-01-14,2024,0.54871577,0,4,0,0.390731186,0.853634477,0
1,4,1.014381409,90,AMR,Liverpool,Manchester United,2,2,2025-01-05,2024,0.396767169,0,2,0,0.253212571,0.65500164,0.194240913
1,7,1.682127237,90,AMR,West Ham,Liverpool,0,5,2024-12-29,2024,1.13563776,2,4,1,1.682127237,2.300788879,0.050972711
1,5,0.532025874,90,AMR,Liverpool,Leicester,3,1,2024-12-26,2024,0.16194357,0,2,1,0.532025874,1.555321455,1.001681805
2,7,2.203443527,89,AMR,Tottenham,Liverpool,3,6,2024-12-22,2024,0.819554746,2,3,2,2.203443527,3.112522602,0.089524381
0,4,0.234681517,90,FWR,Liverpool,Fulham,2,2,2024-12-14,2024,0.488495708,1,1,0,0.234681517,1.064436197,0.376312912
2,4,0.763493896,90,AMR,Newcastle United,Liverpool,3,3,2024-12-04,2024,0.224453837,1,3,2,0.763493896,1.087327957,0.218172908
1,3,1.178461671,87,AMR,Liverpool,Manchester City,2,0,2024-12-01,2024,0.955014467,1,1,0,0.417292833,1.550561428,0.178254053
2,7,1.66705811,90,AMR,Southampton,Liverpool,2,3,2024-11-24,2024,0.042311694,0,1,1,0.905889273,1.007932901,0.059731983
1,3,0.775654495,90,AMR,Liverpool,Aston Villa,2,0,2024-11-09,2024,0.971413314,1,2,1,0.775654495,1.747067809,0
1,3,0.397991866,90,AMR,Liverpool,Brighton,2,1,2024-11-02,2024,0.150375098,0,2,1,0.397991866,0.564260483,0.015893523
1,3,0.670917213,90,AMR,Arsenal,Liverpool,2,2,2024-10-27,2024,0.031058989,0,1,1,0.670917213,0.79429549,0.092319287
1,2,0.792790711,90,AMR,Liverpool,Chelsea,2,1,2024-10-20,2024,0.721142948,1,2,0,0.031621892,0.752764881,0.051869668
0,2,0.379302531,75,AMR,Crystal Palace,Liverpool,0,1,2024-10-05,2024,0,0,0,0,0.379302531,0.86024946,0.480946928
1,3,1.154899955,90,AMR,Wolverhampton Wanderers,Liverpool,1,2,2024-09-28,2024,0.078764342,0,2,0,0.393731117,0.472495466,0
0,4,0.45557636,90,AMR,Liverpool,Bournemouth,3,0,2024-09-21,2024,0.431140989,1,6,0,0.45557636,2.065436363,1.296252012
0,3,0.14055711,90,AMR,Liverpool,Nottingham Forest,0,1,2024-09-14,2024,0.082458742,0,1,0,0.14055711,0.922093332,0.699077487
1,3,0.523094177,90,AMR,Manchester United,Liverpool,0,3,2024-09-01,2024,1.175806999,2,3,1,0.523094177,1.909658432,0.264693499
1,3,0.433250517,85,AMR,Liverpool,Brentford,2,0,2024-08-25,2024,0,0,0,1,0.433250517,1.800590754,1.367340207
1,4,1.096735001,90,AMR,Ipswich,Liverpool,0,2,2024-08-17,2024,0.477153063,1,2,1,1.096735001,1.611644149,0.5260607
0,7,1.535240412,90,FWR,Liverpool,Wolverhampton Wanderers,2,0,2024-05-19,2023,0,0,0,0,1.535240412,1.51140523,0.229145244
0,1,0.062498156,90,FWR,Aston Villa,Liverpool,3,3,2024-05-13,2023,0.468181044,0,2,0,0.062498156,0.619313359,0.144205421
1,6,1.520080924,90,FWR,Liverpool,Tottenham,4,2,2024-05-05,2023,0.373781204,1,3,1,1.520080924,1.977646828,0.083784737
0,0,0,8,Sub,West Ham,Liverpool,2,2,2024-04-27,2023,0,0,0,0,0,0.031507198,0.031507198
0,7,0.438845277,90,FWR,Everton,Liverpool,2,0,2024-04-24,2023,0.39692989,0,1,0,0.438845277,1.23906076,0.425191045
0,0,0,12,Sub,Fulham,Liverpool,1,3,2024-04-21,2023,0,0,0,0,0,0,0
0,2,0.628785074,90,FWR,Liverpool,Crystal Palace,0,1,2024-04-14,2023,0.162522942,0,5,0,0.628785074,0.733293474,0.083327055
1,6,1.331448913,90,FWR,Manchester United,Liverpool,2,2,2024-04-07,2023,0.396973729,0,3,0,0.570280135,1.978503346,1.125369668
0,3,0.113160789,64,FWR,Liverpool,Sheffield United,3,1,2024-04-04,2023,0.047723163,0,1,0,0.113160789,0.33235392,0.19203262
1,12,1.801887989,90,FWR,Liverpool,Brighton,2,1,2024-03-31,2023,0.055057265,0,1,1,1.801887989,2.067778349,0.266463369
0,3,0.157976165,27,Sub,Liverpool,Manchester City,1,1,2024-03-10,2023,0.263272375,0,1,0,0.157976165,0.335748434,0.024444727
1,2,0.741024792,47,Sub,Brentford,Liverpool,1,4,2024-02-17,2023,0.589123726,1,2,1,0.741024792,1.36814189,0.037993357
2,6,2.356532097,90,FWR,Liverpool,Newcastle United,4,2,2024-01-01,2023,1.607538581,1,4,1,0.834194362,3.640939951,1.612078309
0,3,0.285709471,90,FWR,Burnley,Liverpool,0,2,2023-12-26,2023,0,0,0,0,0.285709471,0.444901168,0.159191683
1,3,0.195788532,90,FWR,Liverpool,Arsenal,1,1,2023-12-23,2023,0.529102921,0,2,1,0.195788532,0.724891424,0
0,6,0.346413881,90,FWR,Liverpool,Manchester United,0,0,2023-12-17,2023,0.258033395,0,5,0,0.346413881,0.76376164,0.258458495
1,3,0.259952515,90,FWR,Crystal Palace,Liverpool,1,2,2023-12-09,2023,0.025177233,1,1,1,0.259952515,0.313701779,0.139103994
0,4,0.473201334,73,FWR,Sheffield United,Liverpool,0,2,2023-12-06,2023,0.044973411,0,1,0,0.473201334,0.177427575,0
0,2,0.986044288,90,FWR,Liverpool,Fulham,4,3,2023-12-03,2023,0.84771806,1,5,0,0.986044288,1.121796489,0
0,0,0,90,FWR,Manchester City,Liverpool,1,1,2023-11-25,2023,0.266398758,1,3,0,0,0.266398758,0
2,3,0.979324698,90,FWR,Liverpool,Brentford,3,0,2023-11-12,2023,0.078546338,0,1,2,0.979324698,1.057870984,0
0,2,0.563755989,90,FWR,Luton,Liverpool,1,1,2023-11-05,2023,0.970745921,0,3,0,0.563755989,1.510582924,0.042545382
1,3,0.185812473,90,FWR,Liverpool,Nottingham Forest,3,0,2023-10-29,2023,0.160022691,0,2,1,0.185812473,1.127517462,0.903952241
2,4,1.314594626,90,FWR,Liverpool,Everton,2,0,2023-10-21,2023,0.076501109,0,3,1,0.553499997,0.821339726,0.220140532
2,5,1.51772356,90,FWR,Brighton,Liverpool,2,2,2023-10-08,2023,0.057653707,0,1,1,0.756554723,0.859319627,0.045111205
0,1,0.02260302,81,FWR,Tottenham,Liverpool,2,1,2023-09-30,2023,0.626958251,0,2,0,0.02260302,0.677334428,0.562088609
1,5,1.002189398,90,FWR,Liverpool,West Ham,3,1,2023-09-24,2023,0.948169529,0,2,0,0.241020605,1.212869167,0.458871871
0,1,0.069669619,90,FWR,Wolverhampton Wanderers,Liverpool,1,3,2023-09-16,2023,1.531726956,2,5,0,0.069669619,2.232311726,0.703751981
1,4,0.786287427,90,FWR,Liverpool,Aston Villa,3,0,2023-09-03,2023,0.732482195,0,2,1,0.786287427,1.00058794,0.520201623
0,2,0.157831535,90,FWR,Newcastle United,Liverpool,1,2,2023-08-27,2023,0.369876146,1,2,0,0.157831535,0.527707696,0
1,5,1.899014831,90,FWR,Liverpool,Bournemouth,3,1,2023-08-19,2023,0.051902682,0,2,1,1.137845993,0.501648188,0
0,3,0.207876608,84,FWR,Chelsea,Liverpool,1,1,2023-08-13,2023,0.394951224,1,1,0,0.207876608,0.697434366,0.094606549
0,8,1.418127656,90,FWR,Southampton,Liverpool,4,4,2023-05-28,2022,0.344739795,1,2,0,1.418127656,1.784089446,0.158363923
0,2,0.089303784,90,FWR,Liverpool,Aston Villa,1,1,2023-05-20,2022,0.56863749,1,1,0,0.089303784,0.089303784,0
0,5,0.826393366,90,FWR,Leicester,Liverpool,0,3,2023-05-15,2022,0.549301744,3,4,0,0.826393366,1.413774133,0.038079005
1,3,1.024654984,90,FWR,Liverpool,Brentford,1,0,2023-05-06,2022,0.281746268,0,3,1,1.024654984,0.365592957,0.083846688
1,3,1.177306414,85,FWR,Liverpool,Fulham,1,0,2023-05-03,2022,0.166046992,0,2,0,0.416137576,0.710179031,0.439773619
1,3,0.916294932,90,FWR,Liverpool,Tottenham,4,3,2023-04-30,2022,0,0,0,0,0.15512611,1.078234315,1.013684273
0,3,0.100331016,90,FWR,West Ham,Liverpool,1,2,2023-04-26,2022,0.070485264,0,1,0,0.100331016,0.828447282,0.65763104
1,3,0.636821032,90,FWR,Liverpool,Nottingham Forest,3,2,2023-04-22,2022,0.123797201,0,2,1,0.636821032,0.123797201,0
2,3,0.526161015,83,FWR,Leeds,Liverpool,1,6,2023-04-17,2022,0,0,0,2,0.526161015,1.66099,1.134829998
1,10,2.65602994,90,FWR,Liverpool,Arsenal,2,2,2023-04-09,2022,0.352512985,0,2,1,1.894860029,2.684259892,0.456912011
0,0,0,22,Sub,Chelsea,Liverpool,0,0,2023-04-04,2022,0,0,0,0,0,0,0
1,2,0.175053999,72,FWR,Manchester City,Liverpool,4,1,2023-04-01,2022,0.079177998,0,1,1,0.175053999,0.318170995,0.063939497
0,2,0.829308987,90,FWR,Bournemouth,Liverpool,1,0,2023-03-11,2022,0,0,0,0,0.068140499,0.388054013,0.319913
2,3,0.622488022,90,FWR,Liverpool,Manchester United,7,0,2023-03-05,2022,0.542257011,2,3,2,0.622488022,1.849529982,0.684781015
1,2,0.712597013,90,FWR,Liverpool,Wolverhampton Wanderers,2,0,2023-03-01,2022,0.107428998,0,1,1,0.712597013,0.909469008,0.196871996
0,3,0.265388995,90,FWR,Crystal Palace,Liverpool,0,0,2023-02-25,2022,0.464919001,0,3,0,0.265388995,0.730307996,0
0,2,0.167750001,90,FWR,Newcastle United,Liverpool,0,2,2023-02-18,2022,0.573321998,1,1,0,0.167750001,0.999373019,0.346002996
1,6,0.95984298,90,FWR,Liverpool,Everton,2,0,2023-02-13,2022,0.092918001,0,1,1,0.95984298,1.007470012,0.226520002
0,2,0.171860993,90,FWR,Wolverhampton Wanderers,Liverpool,3,0,2023-02-04,2022,0,0,0,0,0.171860993,0.47527501,0.303413004
0,1,0.056375898,90,FWR,Liverpool,Chelsea,0,0,2023-01-21,2022,0.088834703,0,1,0,0.056375898,0.272673994,0.127462998
0,1,0.034962401,90,FWR,Brighton,Liverpool,3,0,2023-01-14,2022,0.064734697,0,1,0,0.034962401,0.482192993,0.382495999
0,1,0.057170101,90,FWR,Brentford,Liverpool,3,1,2023-01-02,2022,0.814145029,0,2,0,0.057170101,0.871315002,0
0,4,0.746410012,90,FWR,Liverpool,Leicester,2,1,2022-12-30,2022,0.278665006,0,1,0,0.746410012,1.090839982,0.0657681
1,3,1.105389953,90,FWR,Aston Villa,Liverpool,1,3,2022-12-26,2022,0.403378993,1,4,1,1.105389953,0.955226004,0
0,4,0.909489989,90,FWR,Liverpool,Southampton,3,1,2022-11-12,2022,0,0,0,0,0.909489989,1.347139955,0.437646002
2,3,0.999270976,90,FW,Tottenham,Liverpool,1,2,2022-11-06,2022,0,0,0,2,0.999270976,1.024639964,0.0253662
1,7,0.768260002,90,FW,Liverpool,Leeds,1,2,2022-10-29,2022,0.306616992,0,1,1,0.768260002,0.791824996,0.163774997
0,4,0.307518005,90,FW,Nottingham Forest,Liverpool,1,0,2022-10-22,2022,0.061845001,0,1,0,0.307518005,0.307518005,0
0,6,0.536758006,90,MR,Liverpool,West Ham,1,0,2022-10-19,2022,0.047464799,0,1,0,0.536758006,0.599134982,0.0149123
1,3,0.725636005,90,AMC,Liverpool,Manchester City,1,0,2022-10-16,2022,0,0,0,1,0.725636005,0.725636005,0
0,1,0.036747299,75,AMR,Arsenal,Liverpool,3,2,2022-10-09,2022,0.037465598,0,1,0,0.036747299,0.074212901,0
0,5,0.678263009,90,FWR,Liverpool,Brighton,3,3,2022-10-01,2022,0.304859012,1,1,0,0.678263009,0.94906801,0
0,3,0.211981997,90,FWR,Everton,Liverpool,0,0,2022-09-03,2022,0.228722006,0,3,0,0.211981997,0.453628987,0.042714901
0,2,0.0699929,90,FWR,Liverpool,Newcastle United,2,1,2022-08-31,2022,0.421537995,2,6,0,0.0699929,0.279294997,0
0,4,1.741350055,90,FWR,Liverpool,Bournemouth,9,0,2022-08-27,2022,0.127088994,0,2,0,1.741350055,1.921280026,0.100438997
1,3,0.150454998,90,FWR,Manchester United,Liverpool,2,1,2022-08-22,2022,0.231710002,0,4,1,0.150454998,0.88992703,0.605778992
0,3,0.536539972,90,FWR,Liverpool,Crystal Palace,1,1,2022-08-15,2022,0.451757014,0,8,0,0.536539972,0.988295972,0.063672103
1,2,0.391777009,90,FWR,Fulham,Liverpool,2,2,2022-08-06,2022,0.534129024,0,1,1,0.391777009,1.103970051,0.712189019
1,8,1.167490005,27,Sub,Liverpool,Wolverhampton Wanderers,3,1,2022-05-22,2021,0,0,0,1,1.167490005,0.563786983,0.088280402
0,1,0.127544001,15,Sub,Aston Villa,Liverpool,1,2,2022-05-10,2021,0.068857901,0,1,0,0.127544001,0.196401998,0
0,3,0.25395599,90,FWR,Liverpool,Tottenham,1,1,2022-05-07,2021,0.00995028,0,2,0,0.25395599,0.263906002,0
0,2,0.084115297,19,Sub,Newcastle United,Liverpool,0,1,2022-04-30,2021,0.039141499,0,1,0,0.084115297,0.123257004,0.036487099
0,2,0.140634999,90,FWR,Liverpool,Everton,2,0,2022-04-24,2021,0.398611009,1,2,0,0.140634999,0.483413011,0.384541005
2,4,0.943576992,90,FWR,Liverpool,Manchester United,4,0,2022-04-19,2021,0.624746025,1,1,2,0.943576992,1.568320036,0.942354023
0,1,0.059948198,90,FWR,Manchester City,Liverpool,2,2,2022-04-10,2021,0.738005996,1,3,0,0.059948198,0.797954023,0
0,3,0.111507997,71,FWR,Liverpool,Watford,2,0,2022-04-02,2021,0.039138,0,1,0,0.111507997,0.57893002,0.552375972
0,3,0.243064001,34,Sub,Arsenal,Liverpool,0,2,2022-03-16,2021,0,0,0,0,0.243064001,0.214414999,0
1,7,1.34126997,67,FWR,Brighton,Liverpool,0,2,2022-03-12,2021,0.156373993,0,1,0,0.58009702,0.731691003,0.041442599
0,6,0.539533019,80,FWR,Liverpool,West Ham,1,0,2022-03-05,2021,0,0,1,0,0.539533019,0.334428012,0.109894
2,6,2.063760042,90,FWR,Liverpool,Leeds,6,0,2022-02-23,2021,0.537019014,1,1,0,0.541427016,1.67016995,0.591723025
1,8,0.99318099,90,FWR,Liverpool,Norwich,3,1,2022-02-19,2021,0.650976002,0,6,1,0.99318099,1.448400021,0.757390022
0,1,0.071945697,90,FWR,Burnley,Liverpool,0,1,2022-02-13,2021,0.0202583,0,1,0,0.071945697,0.071945697,0
0,4,0.614593029,28,Sub,Liverpool,Leicester,2,0,2022-02-10,2021,0.284595013,0,1,0,0.614593029,0.899187982,0
1,4,0.858412981,90,FWR,Chelsea,Liverpool,2,2,2022-01-02,2021,0.140015006,0,2,1,0.858412981,0.974542022,0.116130002
0,5,1.922979951,90,FWR,Leicester,Liverpool,1,0,2021-12-28,2021,0.158322006,0,2,0,1.16181004,0.197087005,0
0,2,0.098402701,90,FWR,Tottenham,Liverpool,2,2,2021-12-19,2021,0.084037699,0,3,0,0.098402701,0.164932996,0
1,4,0.864506006,76,FWR,Liverpool,Newcastle United,3,1,2021-12-16,2021,0.126938,0,1,1,0.864506006,1.034940004,0.072953299
1,6,1.023390055,90,FWR,Liverpool,Aston Villa,1,0,2021-12-11,2021,0,0,0,0,0.262221009,0.966503978,0.704281986
0,2,0.110440999,90,FWR,Wolverhampton Wanderers,Liverpool,0,1,2021-12-04,2021,0.707507014,1,3,0,0.110440999,0.708109021,0.065312698
2,5,1.584900022,90,FWR,Everton,Liverpool,1,4,2021-12-01,2021,0,0,0,2,1.584900022,1.985309958,0.400402009
0,4,0.218796,90,FWR,Liverpool,Southampton,4,0,2021-11-27,2021,0.835855007,1,2,0,0.218796,0.37845999,0.118531004
1,4,1.119079947,90,FWR,Liverpool,Arsenal,4,0,2021-11-20,2021,0.503996015,0,2,1,1.119079947,2.595989943,0.972913027
0,2,0.155248001,90,FWR,West Ham,Liverpool,3,2,2021-11-07,2021,0.0618884,1,2,0,0.155248001,0.292416006,0.075279497
0,2,0.154183,90,FWR,Liverpool,Brighton,2,2,2021-10-30,2021,0.464136004,1,2,0,0.154183,0.669125974,0.102610998
3,7,2.245759964,90,FWR,Manchester United,Liverpool,0,5,2021-10-24,2021,0.507188976,1,2,3,2.245759964,2.815759897,0.262041986
1,5,0.402015001,90,FWR,Watford,Liverpool,0,5,2021-10-16,2021,0.358848989,1,2,1,0.402015001,1.534350038,0.836794972
1,3,0.243306994,90,FWR,Liverpool,Manchester City,2,2,2021-10-03,2021,0.633975983,1,2,1,0.243306994,0.495429009,0.334434003
1,3,1.069900036,90,FWR,Brentford,Liverpool,3,3,2021-09-25,2021,0.0269881,0,1,1,1.069900036,1.515179992,0.418287992
1,6,0.750883996,90,FWR,Liverpool,Crystal Palace,3,0,2021-09-18,2021,0.149784997,0,2,1,0.750883996,0.634299994,0.358143985
1,3,1.272169948,90,FWR,Leeds,Liverpool,0,3,2021-09-12,2021,0.37073499,0,4,1,1.272169948,2.697949886,1.985100031
1,3,0.924000025,90,FWR,Liverpool,Chelsea,1,1,2021-08-28,2021,0.112694003,0,3,0,0.162830994,0.572821021,0.297295988
0,5,0.350659013,90,FWR,Liverpool,Burnley,2,0,2021-08-21,2021,0.111516997,0,2,0,0.350659013,0.909757018,0.496966988
1,5,0.239133999,90,FWR,Norwich,Liverpool,0,3,2021-08-14,2021,0.868721008,2,3,1,0.239133999,1.069630027,0.100010999
0,6,0.715507984,90,FWR,Liverpool,Crystal Palace,2,0,2021-05-23,2020,0.111643001,1,2,0,0.715507984,0.981341004,0.235832006
0,4,0.891481996,90,FWR,Burnley,Liverpool,0,3,2021-05-19,2020,0.50435102,0,2,0,0.891481996,1.596140027,0.200302005
1,4,0.301122993,90,FWR,West Bromwich Albion,Liverpool,1,2,2021-05-16,2020,0.191800997,0,4,1,0.301122993,0.518688023,0.025763201
1,4,0.614645004,90,FWR,Manchester United,Liverpool,2,4,2021-05-13,2020,0.149876997,0,2,1,0.614645004,1.381229997,0.693430007
0,4,0.588427007,88,FWR,Liverpool,Southampton,2,0,2021-05-08,2020,0.705780983,1,2,0,0.588427007,1.30922997,0.0590147
1,3,0.783955991,90,MR,Liverpool,Newcastle United,1,1,2021-04-24,2020,0.308023006,0,3,1,0.783955991,1.325430036,0.29856199
0,2,0.161596999,18,Sub,Leeds,Liverpool,1,1,2021-04-19,2020,0,0,0,0,0.161596999,0.161596999,0
1,7,1.062909961,90,FWR,Liverpool,Aston Villa,2,1,2021-04-10,2020,0.0658722,0,1,1,1.062909961,1.043159962,0.044010401
1,5,0.792340994,90,FWR,Arsenal,Liverpool,0,3,2021-04-03,2020,0.442286998,0,1,1,0.792340994,2.034029961,0.799404025
0,3,0.22744,90,FWR,Wolverhampton Wanderers,Liverpool,0,1,2021-03-15,2020,0.097327903,0,1,0,0.22744,0.666673005,0.341904998
0,3,0.167501003,90,FW,Liverpool,Fulham,0,1,2021-03-07,2020,0,0,0,0,0.167501003,0.241031006,0.073529802
0,1,0.019067099,63,FWR,Liverpool,Chelsea,0,1,2021-03-04,2020,0.0327437,0,1,0,0.019067099,0.051810801,0
0,3,0.791359007,90,FWR,Sheffield United,Liverpool,0,2,2021-02-28,2020,0.0312391,0,1,0,0.791359007,1.751719952,0.929126024
0,1,0.482450992,90,FWR,Liverpool,Everton,0,2,2021-02-20,2020,0.028156901,0,1,0,0.482450992,0.542216003,0.031607699
1,3,0.437831014,90,FWR,Leicester,Liverpool,3,1,2021-02-13,2020,0.087617204,0,1,1,0.437831014,0.581490993,0.084514998
1,2,0.797859013,90,FWR,Liverpool,Manchester City,1,4,2021-02-07,2020,0,0,0,0,0.036689799,0.036689799,0
0,4,0.802039981,90,FWR,Liverpool,Brighton,0,1,2021-02-03,2020,0,0,0,0,0.802039981,0.802039981,0
2,7,0.81327498,90,FW,West Ham,Liverpool,1,3,2021-01-31,2020,0.0566926,0,1,2,0.81327498,1.458019972,0.644744992
0,1,0.130377993,90,FWR,Tottenham,Liverpool,1,3,2021-01-28,2020,0.40683201,0,2,0,0.130377993,0.903132975,0.709932029
0,2,0.162131995,32,Sub,Liverpool,Burnley,0,1,2021-01-21,2020,0.101599999,0,1,0,0.162131995,0.295904011,0.032172501
0,3,0.172931001,90,FWR,Liverpool,Manchester United,0,0,2021-01-17,2020,0.152346998,0,2,0,0.172931001,0.39339599,0.068117999
0,2,0.388327003,90,FWR,Southampton,Liverpool,1,0,2021-01-04,2020,0.057704199,0,1,0,0.388327003,0.820801973,0.374769986
0,2,0.635441005,90,FWR,Newcastle United,Liverpool,0,0,2020-12-30,2020,0,0,0,0,0.635441005,0.635441005,0.297161996
0,3,0.190787002,90,FWR,Liverpool,West Bromwich Albion,1,1,2020-12-27,2020,0.021702999,0,1,0,0.190787002,0.270996988,0.183879003
2,2,0.362080008,31,Sub,Crystal Palace,Liverpool,0,7,2020-12-19,2020,0.281729013,1,1,2,0.362080008,0.852066994,0.540894985
1,4,0.316554993,90,FWR,Liverpool,Tottenham,2,1,2020-12-16,2020,0.060025498,0,1,1,0.316554993,0.469464004,0.152909994
1,3,0.878633976,87,FWR,Fulham,Liverpool,1,1,2020-12-13,2020,0,0,0,0,0.117466003,0.117466003,0
1,3,0.545813978,90,FWR,Liverpool,Wolverhampton Wanderers,4,0,2020-12-06,2020,0.518568993,1,1,1,0.545813978,0.692818999,0.196863994
0,1,0.077437602,66,FWR,Brighton,Liverpool,1,1,2020-11-28,2020,0.079517901,1,1,0,0.077437602,0.182786003,0.0258302
1,2,0.799009979,90,FW,Manchester City,Liverpool,1,1,2020-11-08,2020,0.089305401,0,3,0,0.037840702,0.127146006,0
1,3,0.904722989,90,FWR,Liverpool,West Ham,2,1,2020-10-31,2020,0.023613701,0,1,0,0.143554002,0.460067987,0.389266014
0,4,0.892639995,90,FW,Liverpool,Sheffield United,2,1,2020-10-24,2020,0.0866552,0,2,0,0.892639995,1.260830045,0.309632003
1,6,0.381321013,90,FWR,Everton,Liverpool,2,2,2020-10-17,2020,0.323888004,0,1,1,0.381321013,1.413910031,0.832697988
2,2,0.582610011,90,FWR,Aston Villa,Liverpool,7,2,2020-10-04,2020,0.670131028,0,3,2,0.582610011,1.500319958,0.247582003
0,4,0.218066007,90,FWR,Liverpool,Arsenal,3,1,2020-09-28,2020,0.376340002,0,2,0,0.218066007,0.589742005,0.411862999
0,4,0.221322,90,FWR,Chelsea,Liverpool,0,2,2020-09-20,2020,0.232611001,0,5,0,0.221322,0.744395971,0.339475989
3,9,1.939829946,90,FWR,Liverpool,Leeds,4,3,2020-09-12,2020,0.232543007,0,4,1,0.417488992,0.755005002,0.225439996
0,3,0.196959004,22,Sub,Newcastle United,Liverpool,1,3,2020-07-26,2019,0.073441803,0,1,0,0.196959004,0.218805,0
0,3,0.255136997,82,FWR,Liverpool,Chelsea,5,3,2020-07-22,2019,0.073448002,1,1,0,0.255136997,0.585178018,0.503728986
0,4,0.852423012,85,FWR,Arsenal,Liverpool,2,1,2020-07-15,2019,0,0,0,0,0.852423012,0.934713006,0.0822898
0,6,1.148929954,90,FWR,Liverpool,Burnley,1,1,2020-07-11,2019,0.336342007,0,3,0,1.148929954,1.15467,0.112288997
2,8,1.873479962,90,FWR,Brighton,Liverpool,1,3,2020-07-08,2019,0.135014996,1,2,2,1.873479962,2.190049887,0.205312997
0,1,0.067565002,90,FWR,Liverpool,Aston Villa,2,0,2020-07-05,2019,0.440308988,1,2,0,0.067565002,0.507874012,0
0,4,0.213327006,90,FWR,Manchester City,Liverpool,4,0,2020-07-02,2019,0.112623997,0,2,0,0.213327006,0.38408801,0.058137
1,5,0.519596994,90,FWR,Liverpool,Crystal Palace,4,0,2020-06-24,2019,0.314794987,1,2,1,0.519596994,1.607759953,0.773366988
1,2,0.138401002,90,FWR,Liverpool,Bournemouth,2,1,2020-03-07,2019,0.660365999,0,3,1,0.138401002,0.816973984,0.107955001
0,2,0.058906499,90,FWR,Watford,Liverpool,3,0,2020-02-29,2019,0,0,0,0,0.058906499,0.083874598,0.0568652
1,5,0.250144988,90,FWR,Liverpool,West Ham,3,2,2020-02-24,2019,0.040016301,0,1,1,0.250144988,0.170157,0
0,4,0.405267,90,FWR,Norwich,Liverpool,0,1,2020-02-15,2019,0.039721798,0,2,0,0.405267,0.444988996,0
2,4,1.416779995,90,FWR,Liverpool,Southampton,4,0,2020-02-01,2019,0.959841013,0,3,2,1.416779995,2.004879951,0.541293025
1,5,1.024850011,90,FWR,West Ham,Liverpool,0,2,2020-01-29,2019,0.681949973,1,2,0,0.263678014,1.15576005,0.272006005
0,6,0.543143988,87,FWR,Wolverhampton Wanderers,Liverpool,1,2,2020-01-23,2019,0.055600699,0,1,0,0.543143988,0.655080974,0.111937001
1,4,0.80201,90,FWR,Liverpool,Manchester United,2,0,2020-01-19,2019,0.489731997,0,3,1,0.80201,1.416409969,0.148937002
0,1,0.096894898,90,FWR,Tottenham,Liverpool,0,1,2020-01-11,2019,0.579545975,1,3,0,0.096894898,0.962261975,0.392331004
1,5,0.802697003,90,FWR,Liverpool,Sheffield United,2,0,2020-01-02,2019,0.674995005,0,3,1,0.802697003,2.22913003,0.874366999
0,2,0.466794014,90,FW,Liverpool,Wolverhampton Wanderers,1,0,2019-12-29,2019,0.212136999,0,3,0,0.466794014,0.678930998,0.087876797
0,4,0.316588014,71,FWR,Leicester,Liverpool,0,4,2019-12-26,2019,0.632107019,0,1,0,0.316588014,0.929620981,0.147659004
2,7,0.988243997,90,FW,Liverpool,Watford,2,0,2019-12-14,2019,0,0,0,2,0.988243997,0.988243997,0
1,5,1.250480056,90,FWR,Bournemouth,Liverpool,0,3,2019-12-07,2019,0.635586023,1,4,1,1.250480056,1.577790022,0.341652989
0,2,0.223416001,70,FWR,Liverpool,Brighton,2,1,2019-11-30,2019,0.125497997,0,1,0,0.223416001,0.348913014,0
1,3,0.331164002,89,FWR,Liverpool,Manchester City,3,1,2019-11-10,2019,0,0,0,1,0.331164002,0.40921101,0.078046702
0,4,0.300743997,69,FWR,Aston Villa,Liverpool,1,2,2019-11-02,2019,0,0,0,0,0.300743997,0.585263014,0.284518987
1,7,1.063709974,88,FWR,Liverpool,Tottenham,2,1,2019-10-27,2019,0.035292599,0,1,0,0.302538991,0.744737029,0.487581015
0,5,0.951201975,90,FW,Liverpool,Leicester,2,1,2019-10-05,2019,0.207661003,0,3,0,0.951201975,1.018730044,0
0,4,0.736856997,90,FWR,Sheffield United,Liverpool,0,1,2019-09-28,2019,0,0,1,0,0.736856997,1.440089941,0.703230977
0,1,0.10244,90,FWR,Chelsea,Liverpool,1,2,2019-09-22,2019,0.047113299,1,1,0,0.10244,0.10244,0
1,3,0.553731978,90,FWR,Liverpool,Newcastle United,3,1,2019-09-14,2019,0.528625011,0,2,1,0.553731978,1.460950017,0.793110013
0,3,0.251235008,90,FWR,Burnley,Liverpool,0,3,2019-08-31,2019,0.201467007,1,4,0,0.251235008,0.472629994,0.121875003
2,5,1.601670027,90,FWR,Liverpool,Arsenal,3,1,2019-08-24,2019,0.088051699,0,1,1,0.840503991,1.042369962,0.113817997
0,3,0.413724005,81,FWR,Southampton,Liverpool,1,2,2019-08-17,2019,0.038645498,0,1,0,0.413724005,0.462354004,0.081184603
1,2,0.44480899,90,FWR,Liverpool,Norwich,4,1,2019-08-09,2019,0.306113988,1,3,1,0.44480899,1.589259982,0.943656981
0,5,0.431690991,90,FWR,Liverpool,Wolverhampton Wanderers,2,0,2019-05-12,2018,0,0,0,0,0.431690991,0.439675987,0.0565942
1,4,0.287656993,75,FWR,Newcastle United,Liverpool,2,3,2019-05-04,2018,0.394966006,0,2,1,0.287656993,0.875043988,0.192421004
2,8,1.388329983,90,FWR,Liverpool,Huddersfield,5,0,2019-04-26,2018,0.716287971,1,4,2,1.388329983,2.104609966,0
0,4,0.597862005,90,FWR,Cardiff,Liverpool,0,2,2019-04-21,2018,0,0,0,0,0.597862005,1.170639992,0.57278198
1,5,0.28143099,90,FWR,Liverpool,Chelsea,2,0,2019-04-14,2018,0.232681006,0,4,1,0.28143099,0.427850991,0
1,2,0.160604,90,FWR,Southampton,Liverpool,1,3,2019-04-05,2018,0.435443997,0,2,1,0.160604,0.611100972,0.058385499
0,5,0.289292991,90,FWR,Liverpool,Tottenham,2,1,2019-03-31,2018,0,0,0,0,0.289292991,0.381698996,0.138438001
0,5,0.605037987,90,FWR,Fulham,Liverpool,1,2,2019-03-17,2018,0,0,0,0,0.605037987,0.914783001,0.309745014
0,5,0.277128994,90,FWR,Liverpool,Burnley,4,2,2019-03-10,2018,0.196509004,0,3,0,0.277128994,1.095659971,0.667531013
0,2,0.423027992,90,FWR,Everton,Liverpool,0,0,2019-03-03,2018,0.0181082,0,1,0,0.423027992,0.441136003,0
0,4,0.278010994,90,FWR,Liverpool,Watford,5,0,2019-02-27,2018,0,0,0,0,0.278010994,0.73487097,0.456860006
0,1,0.145043999,84,FWR,Manchester United,Liverpool,0,0,2019-02-24,2018,0,0,0,0,0.145043999,0,0
1,7,0.714954972,90,FWR,Liverpool,Bournemouth,3,0,2019-02-09,2018,0.213890001,0,3,1,0.714954972,2.093290091,1.282969952
0,4,0.193011001,90,FWR,West Ham,Liverpool,1,1,2019-02-04,2018,0,0,0,0,0.193011001,0.194350004,0.079425298
0,2,0.129823998,90,FW,Liverpool,Leicester,1,1,2019-01-30,2018,0.0691223,0,1,0,0.129823998,0.166713998,0.0130034
2,2,1.467489958,90,FW,Liverpool,Crystal Palace,4,3,2019-01-19,2018,0.139249995,0,1,2,1.467489958,1.700799942,0.0940651
1,3,1.340350032,90,FW,Brighton,Liverpool,0,1,2019-01-12,2018,0.222292006,0,3,0,0.579183996,0.813628018,0.123813003
0,1,0.0974975,90,FWR,Manchester City,Liverpool,2,1,2019-01-03,2018,0.368730992,0,1,0,0.0974975,0.466228008,0.368730992
1,3,1.038349986,90,FW,Liverpool,Arsenal,5,1,2018-12-29,2018,0.690203011,1,2,0,0.27718401,0.990296006,0.0229093
1,1,0.761169016,90,FW,Liverpool,Newcastle United,4,0,2018-12-26,2018,0.610274017,1,2,0,0,0.533604026,0.533604026
1,4,0.834069014,90,FW,Wolverhampton Wanderers,Liverpool,0,2,2018-12-21,2018,0.495692015,1,3,1,0.834069014,0.92386198,0.395716995
0,3,0.145058006,90,FW,Liverpool,Manchester United,3,1,2018-12-16,2018,0.167615995,0,3,0,0.145058006,0.381873012,0.128682002
3,4,1.542090058,90,FW,Bournemouth,Liverpool,0,4,2018-12-08,2018,0.032919899,0,2,3,1.542090058,1.575009942,0
0,2,0.191532999,24,Sub,Burnley,Liverpool,1,3,2018-12-05,2018,0.952979028,1,3,0,0.191532999,1.106410027,0.397686988
0,1,0.027798001,76,FW,Liverpool,Everton,1,0,2018-12-02,2018,0.821627021,0,4,0,0.027798001,0.849425018,0
1,2,0.347638994,87,FW,Watford,Liverpool,0,3,2018-11-24,2018,0,0,0,1,0.347638994,0.128186002,0
1,5,0.877762973,90,FW,Liverpool,Fulham,2,0,2018-11-11,2018,0,0,0,1,0.877762973,0.877762973,0.477355003
0,3,0.136035994,90,FWR,Arsenal,Liverpool,1,1,2018-11-03,2018,0.495795995,0,4,0,0.136035994,0.602671027,0.053660601
1,4,0.514405012,90,FW,Liverpool,Cardiff,4,1,2018-10-27,2018,1.095690012,2,3,1,0.514405012,1.702270031,0.628216982
1,4,0.354333997,90,FWR,Huddersfield,Liverpool,0,1,2018-10-20,2018,0,0,0,1,0.354333997,0.467070997,0.112737998
0,3,0.170742005,90,FWR,Liverpool,Manchester City,0,0,2018-10-07,2018,0,0,0,0,0.170742005,0.170742005,0
0,4,0.648006976,67,FWR,Chelsea,Liverpool,1,1,2018-09-29,2018,0.065173402,0,1,0,0.648006976,0.667922974,0
1,2,1.193269968,90,FW,Liverpool,Southampton,3,0,2018-09-22,2018,0,0,0,1,1.193269968,0.219552994,0
0,4,0.790192008,90,FWR,Tottenham,Liverpool,1,2,2018-09-15,2018,0.259090006,0,3,0,0.790192008,1.056159973,0.310009003
0,3,0.446803987,72,FWR,Leicester,Liverpool,1,2,2018-09-01,2018,0.342326999,0,1,0,0.446803987,0.789130986,0
1,6,0.382167011,90,FWR,Liverpool,Brighton,1,0,2018-08-25,2018,0.365110993,0,6,1,0.382167011,0.759326994,0.131806001
0,6,0.732837975,90,FWR,Crystal Palace,Liverpool,0,2,2018-08-20,2018,0.936815023,1,4,0,0.732837975,1.741809964,0.258792013
1,4,1.54993999,89,FWR,Liverpool,West Ham,4,0,2018-08-12,2018,0.129996002,0,2,1,1.54993999,1.605119944,0
1,4,0.996142983,85,MR,Liverpool,Brighton,4,0,2018-05-13,2017,0.631694973,1,3,1,0.996142983,2.274290085,0.646456003
0,1,0.0383095,90,FWR,Chelsea,Liverpool,1,0,2018-05-06,2017,0.0127841,0,1,0,0.0383095,0.178194001,0.127100006
0,7,0.959860981,90,FWR,Liverpool,Stoke,0,0,2018-04-28,2017,0.425707012,0,1,0,0.959860981,1.383929968,0.071994103
1,4,0.548614979,85,FWR,West Bromwich Albion,Liverpool,2,2,2018-04-21,2017,0,0,0,1,0.548614979,0.579469979,0.079971299
1,6,0.800882995,90,FWR,Liverpool,Bournemouth,3,0,2018-04-14,2017,0.119383998,0,2,1,0.800882995,1.015030026,0.0947598
1,4,0.656588972,90,FWR,Crystal Palace,Liverpool,1,2,2018-03-31,2017,0.132192001,0,3,1,0.656588972,1.238849998,0.563542008
4,4,1.104009986,90,FWR,Liverpool,Watford,5,0,2018-03-17,2017,0.389427006,1,3,4,1.104009986,1.493440032,0
0,1,0.0758802,90,FWR,Manchester United,Liverpool,2,1,2018-03-10,2017,0.061798401,0,1,0,0.0758802,0.033051301,0.033051301
1,5,0.658625007,90,FWR,Liverpool,Newcastle United,2,0,2018-03-03,2017,0.111855999,0,2,1,0.658625007,0.658625007,0
1,5,0.698220015,89,FWR,Liverpool,West Ham,4,1,2018-02-24,2017,0.238625005,1,2,1,0.698220015,0.789871991,0.161479995
1,3,0.825236022,90,FWR,Southampton,Liverpool,0,2,2018-02-11,2017,0.856553018,1,3,1,0.825236022,1.723510027,0.069221102
2,4,0.945930004,90,FWR,Liverpool,Tottenham,2,2,2018-02-04,2017,0.099947803,0,1,2,0.945930004,0.850318015,0
1,3,1.160390019,84,FWR,Huddersfield,Liverpool,0,3,2018-01-30,2017,0,0,0,0,0.399221987,0.783436,0.384213001
0,5,0.52630198,90,AMR,Swansea,Liverpool,1,0,2018-01-22,2017,0.553138971,0,3,0,0.52630198,0.99376601,0.0189039
1,6,0.461050987,90,FWR,Liverpool,Manchester City,4,3,2018-01-14,2017,0.122135997,1,2,1,0.461050987,0.524878979,0
2,6,2.082900047,84,FWR,Liverpool,Leicester,2,1,2017-12-30,2017,0,0,0,2,2.082900047,2.226969957,0.500742018
0,4,0.606436014,71,FWR,Liverpool,Swansea,5,0,2017-12-26,2017,0.896587014,2,3,0,0.606436014,1.402169943,0
1,4,0.720340014,90,AMR,Arsenal,Liverpool,3,3,2017-12-22,2017,0.018693499,0,1,1,0.720340014,1.113790035,0.393444985
1,4,0.903863013,73,FWR,Bournemouth,Liverpool,0,4,2017-12-17,2017,0.111796997,0,1,1,0.903863013,1.247589946,0.231933996
0,2,0.580411971,90,FW,Liverpool,West Bromwich Albion,0,0,2017-12-13,2017,0.39260301,0,1,0,0.580411971,1.056020021,0.083005697
1,7,0.600885987,68,FWR,Liverpool,Everton,1,1,2017-12-10,2017,0.562389016,0,6,1,0.600885987,0.72280401,0.019257899
0,3,0.207057998,81,AMC,Brighton,Liverpool,1,5,2017-12-02,2017,0.410851002,1,2,0,0.207057998,1.287420034,0.66951102
2,2,0.878579974,22,Sub,Stoke,Liverpool,0,3,2017-11-29,2017,0.018361,0,1,2,0.878579974,0.878579974,0
1,7,0.702506006,90,FWR,Liverpool,Chelsea,1,1,2017-11-25,2017,0.212257996,0,2,1,0.702506006,0.983547986,0.198142007
2,5,0.648312986,82,FWR,Liverpool,Southampton,3,0,2017-11-18,2017,0.122080997,0,2,2,0.648312986,0.825263977,0.092435896
2,3,0.674378991,90,FW,West Ham,Liverpool,1,4,2017-11-04,2017,0.479755998,0,3,2,0.674378991,1.339820027,0.185687006
0,3,0.961000979,83,FWR,Liverpool,Huddersfield,3,0,2017-10-28,2017,0.118946001,1,1,0,0.199832007,0.409951001,0.0911735
1,3,0.405474991,90,FWL,Tottenham,Liverpool,4,1,2017-10-22,2017,0.115038,0,2,1,0.405474991,0.585822999,0.065310098
0,4,0.254114002,79,FWR,Liverpool,Manchester United,0,0,2017-10-14,2017,0.0858775,0,2,0,0.254114002,0.400770992,0.241451994
0,1,0.322254002,86,FWR,Newcastle United,Liverpool,1,1,2017-10-01,2017,0.049257301,0,1,0,0.322254002,0.521827996,0.150316998
1,4,0.724780023,90,FWR,Leicester,Liverpool,2,3,2017-09-23,2017,0.0146415,0,1,1,0.724780023,0.861105025,0.136325002
1,6,0.270393997,90,FWR,Liverpool,Burnley,1,1,2017-09-16,2017,0.189338997,0,3,1,0.270393997,0.618713021,0.158979997
0,1,0.305673003,54,FWR,Manchester City,Liverpool,5,0,2017-09-09,2017,0.0590684,0,1,0,0.305673003,0.372731,0.067057401
1,5,1.607429981,90,FWR,Liverpool,Arsenal,4,0,2017-08-27,2017,0.632710993,1,1,1,1.607429981,2.40109992,0.160958007
0,2,0.061654001,28,Sub,Liverpool,Crystal Palace,1,0,2017-08-19,2017,0.098979399,0,1,0,0.061654001,0.224635005,0.064001501
1,5,1.161999941,90,FWR,Watford,Liverpool,3,3,2017-08-12,2017,0,0,0,1,1.161999941,1.300150037,0.138148993
0,0,0,56,AMR,Roma,Genoa,3,2,2017-05-28,2016,0,0,0,0,0,0.442101985,0.442101985
2,6,0.648654997,82,FWR,Chievo,Roma,3,5,2017-05-20,2016,0,0,0,2,0.648654997,1.128379941,0.613484025
0,1,0.305725008,90,FWR,Roma,Juventus,3,1,2017-05-14,2016,0.156514004,1,2,0,0.305725008,0.462238997,0
0,4,0.641134977,90,AMR,AC Milan,Roma,1,4,2017-05-07,2016,0.308214009,1,3,0,0.641134977,1.146020055,0.279713005
0,1,0.051311199,90,FWR,Roma,Lazio,1,3,2017-04-30,2016,0.585125029,0,3,0,0.051311199,0.614086986,0
2,5,0.56239599,90,FWR,Pescara,Roma,1,4,2017-04-24,2016,0.089384302,0,1,2,0.56239599,0.978232026,0.361128986
0,2,0.077078298,90,FWR,Roma,Atalanta,1,1,2017-04-15,2016,0.680989981,1,2,0,0.077078298,0.694903016,0.0139134
1,1,0.357755989,90,AMR,Bologna,Roma,0,3,2017-04-09,2016,0.142050996,0,1,1,0.357755989,0.884310007,0.384501994
0,3,0.181891993,90,AMC,Roma,Empoli,2,0,2017-04-01,2016,0.55073899,1,3,0,0.181891993,0.814956009,0.625733972
1,4,0.990441024,79,FW,Roma,Sassuolo,3,1,2017-03-19,2016,0.064799003,1,2,1,0.990441024,1.081320047,0.073789403
0,0,0,81,FW,Palermo,Roma,0,3,2017-03-12,2016,0,0,0,0,0,0.303746998,0.303746998
0,3,0.436327994,38,Sub,Roma,Napoli,1,2,2017-03-04,2016,0.092067197,0,2,0,0.436327994,0.60046798,0.072072402
0,4,0.100079,72,AMC,Inter,Roma,1,3,2017-02-26,2016,0,0,0,0,0.100079,0.145357996,0.075948097
1,3,0.144448996,90,AMC,Roma,Torino,4,1,2017-02-19,2016,0.069118798,0,1,1,0.144448996,0.393386006,0.179818004
0,3,0.433503985,80,AMC,Crotone,Roma,0,2,2017-02-12,2016,0.861644983,2,4,0,0.433503985,1.442880034,0.732618988
0,3,0.150924996,84,FWR,Roma,Chievo,3,1,2016-12-22,2016,0.142959997,0,2,0,0.150924996,0.446806014,0.279942006
0,0,0,44,Sub,Juventus,Roma,1,0,2016-12-17,2016,0.073759198,0,1,0,0,0.073759198,0
0,3,0.474362999,90,AMR,Roma,Pescara,3,2,2016-11-27,2016,0.275559992,0,3,0,0.474362999,1.238360047,0.613529027
0,3,0.540844023,59,AMR,Atalanta,Roma,2,1,2016-11-20,2016,0.141095996,0,2,0,0.540844023,0.620325029,0.079481199
3,6,2.315900087,87,AMR,Roma,Bologna,3,0,2016-11-06,2016,0.330814987,0,4,3,2.315900087,2.859699965,0.39932999
0,1,0.082394697,90,AMR,Empoli,Roma,0,0,2016-10-30,2016,0.099275701,0,3,0,0.082394697,0.252938986,0.071269102
0,1,0.324649006,90,AMR,Sassuolo,Roma,1,3,2016-10-26,2016,0.338349015,1,2,0,0.324649006,0.780793011,0.117794998
1,1,0.375606,90,AMR,Roma,Palermo,4,1,2016-10-23,2016,0.592113972,1,4,1,0.375606,1.070979953,0.177421004
1,2,0.445769995,90,AMR,Napoli,Roma,1,3,2016-10-15,2016,0.614008009,1,4,1,0.445769995,1.287739992,0.26839301
0,3,0.723807991,71,AMR,Roma,Inter,2,1,2016-10-02,2016,0.252052009,0,4,0,0.723807991,1.626150012,0.682632029
0,3,0.145372003,90,AMR,Torino,Roma,3,1,2016-09-25,2016,0.095826298,0,2,0,0.145372003,0.575375021,0.364239991
1,1,0.302783996,67,AMR,Roma,Crotone,4,0,2016-09-21,2016,0.734835029,1,3,1,0.302783996,1.30061996,0.263002992
0,1,0.0511811,68,FWR,Fiorentina,Roma,1,0,2016-09-18,2016,0,0,0,0,0.0511811,0.396827012,0.345645994
1,4,0.799230993,90,FWR,Roma,Sampdoria,3,2,2016-09-11,2016,0.886159003,0,6,1,0.799230993,1.57475996,0.322697997
0,3,0.174627006,90,FWR,Cagliari,Roma,2,2,2016-08-28,2016,0.222317994,0,3,0,0.174627006,1.010249972,0.690546989
1,5,1.573420048,90,FWR,Roma,Udinese,4,0,2016-08-20,2016,1.233850002,0,4,1,1.573420048,3.219700098,0.465344012
1,3,0.509003997,85,FW,AC Milan,Roma,1,3,2016-05-14,2015,0.261092007,0,4,1,0.509003997,1.366000056,0.67878902
0,2,0.027448,60,FWR,Roma,Chievo,3,0,2016-05-08,2015,0.100633003,0,2,0,0.027448,0.166252002,0.049474899
1,1,0.524293005,88,FWR,Genoa,Roma,2,3,2016-05-02,2015,0.092092603,0,1,1,0.524293005,1.728880048,1.636790037
0,2,0.087745003,90,AMR,Roma,Napoli,1,0,2016-04-25,2015,0.082240097,1,2,0,0.087745003,0.225824997,0.118299998
0,3,0.187518999,90,FWR,Roma,Torino,3,2,2016-04-20,2015,0.122543998,0,3,0,0.187518999,0.380784988,0.070721701
0,0,0,90,FW,Atalanta,Roma,3,3,2016-04-17,2015,0.196412995,1,3,0,0,0.536090016,0.488554001
1,6,0.607659996,90,AMR,Roma,Bologna,1,1,2016-04-11,2015,0.024460001,0,1,1,0.607659996,0.632120013,0
0,3,0.188803002,81,FWR,Lazio,Roma,1,4,2016-04-03,2015,0.035411499,0,2,0,0.188803002,0.224278003,0.027451999
0,3,0.131568998,90,FWR,Roma,Inter,1,1,2016-03-19,2015,0.463952988,0,3,0,0.131568998,0.571777999,0.047288299
0,1,0.103685997,90,AMR,Udinese,Roma,1,2,2016-03-13,2015,0.639934003,1,4,0,0.103685997,1.784839988,1.04121995
2,2,0.321628988,88,FW,Roma,Fiorentina,4,1,2016-03-04,2015,0.712033987,1,1,2,0.321628988,1.14952004,0.827889025
0,3,0.094439,90,FWR,Empoli,Roma,1,3,2016-02-27,2015,0.0159424,0,1,0,0.094439,0.320592999,0.225012004
2,5,0.362480998,86,FW,Roma,Palermo,5,0,2016-02-21,2015,0.016392101,0,1,2,0.362480998,0.392461002,0.076997899
1,2,0.755855978,90,AMR,Carpi,Roma,1,3,2016-02-12,2015,0.862879992,2,5,1,0.755855978,1.863690019,0.244957
0,0,0,90,FW,Roma,Sampdoria,2,1,2016-02-07,2015,0.307505012,0,3,0,0,0.456400007,0.275554001
1,4,0.502071977,90,FW,Sassuolo,Roma,0,2,2016-02-02,2015,1.377210021,0,3,1,0.502071977,2.352809906,1.438310027
0,1,0.0795056,83,AMC,Roma,Frosinone,3,1,2016-01-30,2015,0.232194006,0,3,0,0.0795056,0.29282701,0.066940799
0,0,0,90,AMC,Juventus,Roma,1,0,2016-01-24,2015,0,0,0,0,0,0,0
0,3,0.433972001,90,AMR,Roma,Verona,1,1,2016-01-17,2015,0.096531399,0,1,0,0.433972001,0.724467993,0.323720008
0,0,0,34,Sub,Roma,AC Milan,1,1,2016-01-09,2015,0.151578993,0,2,0,0,0.172776997,0.112552002
0,3,0.633328974,71,FWR,Chievo,Roma,3,3,2016-01-06,2015,0,0,0,0,0.633328974,0.814302027,0.223082006
0,1,0.0748301,83,FWR,Roma,Genoa,2,0,2015-12-20,2015,0.0512437,0,1,0,0.0748301,0.126074001,0.0512437
0,1,0.063270196,79,AML,Napoli,Roma,0,0,2015-12-13,2015,0,0,0,0,0.063270196,0.145779997,0.082510002
0,1,0.0152545,59,AMR,Roma,Lazio,2,0,2015-11-08,2015,0.0532423,0,2,0,0.0152545,0.129186004,0.075943798
0,5,0.781659007,90,FWR,Inter,Roma,1,0,2015-10-31,2015,0.062274002,0,2,0,0.781659007,0.843932986,0.034318302
1,1,0.0293242,89,FWL,Fiorentina,Roma,1,2,2015-10-25,2015,0,0,0,1,0.0293242,0.0293242,0
1,2,0.568150997,90,FWR,Roma,Empoli,3,1,2015-10-17,2015,0,0,0,1,0.568150997,1.081900001,0.51374799
0,0,0,76,AMC,Palermo,Roma,2,4,2015-10-04,2015,0.437718987,0,2,0,0,0.622572005,0.598821998
1,3,1.084740043,90,FWL,Roma,Carpi,5,1,2015-09-26,2015,0.431502014,0,2,1,1.084740043,1.786149979,0.646945
1,4,0.592585027,89,FWR,Sampdoria,Roma,2,1,2015-09-23,2015,0.0415616,0,2,1,0.592585027,0.64842701,0.0418352
1,6,0.579806983,90,FWR,Roma,Sassuolo,2,2,2015-09-20,2015,0.040746301,0,2,1,0.579806983,0.686563015,0.151262
0,1,0.0364835,18,Sub,Frosinone,Roma,0,2,2015-09-12,2015,0,0,0,0,0.0364835,0.545557022,0.545557022
0,0,0,78,FWR,Roma,Juventus,2,1,2015-08-30,2015,0.125918999,0,3,0,0,0.194324002,0.068405099
0,0,0,66,FWL,Verona,Roma,1,1,2015-08-22,2015,0.033624899,0,2,0,0,0.046822201,0.0131972
0,0,0,26,FWR,Fiorentina,Chievo,3,0,2015-05-31,2014,0.254999995,1,3,0,0,0.267969996,0.0129698
0,0,0,29,FW,Palermo,Fiorentina,2,3,2015-05-24,2014,0.105080999,1,2,0,0,0.127130002,0.0220486
1,3,0.247220993,79,FW,Fiorentina,Parma,3,0,2015-05-18,2014,0.158924997,0,3,1,0.247220993,0.509801984,0.233172998
1,4,0.793480992,44,Sub,Empoli,Fiorentina,2,3,2015-05-10,2014,0.038723301,0,1,1,0.793480992,0.832203984,0
0,6,0.721944988,65,FWR,Fiorentina,Cesena,3,1,2015-05-03,2014,0.189873993,0,3,0,0.721944988,1.366739988,0.573588014
0,2,0.114284001,81,FW,Juventus,Fiorentina,3,2,2015-04-29,2014,0,0,0,0,0.114284001,0.154061005,0.039777
0,3,0.225964993,90,FWR,Fiorentina,Cagliari,1,3,2015-04-26,2014,0.083107501,0,1,0,0.225964993,0.725701988,0.416628987
0,1,0.069182403,28,Sub,Fiorentina,Verona,0,1,2015-04-20,2014,0.070963703,0,2,0,0.069182403,0.140146002,0.070963703
0,0,0,90,AMC,Napoli,Fiorentina,3,0,2015-04-12,2014,0,0,0,0,0,0,0
1,3,0.516475976,90,AMC,Fiorentina,Sampdoria,2,0,2015-04-04,2014,0.123470999,0,3,1,0.516475976,1.273190022,1.073420048
0,1,0.075346597,20,Sub,Udinese,Fiorentina,2,2,2015-03-22,2014,0.109025002,0,1,0,0.075346597,0.184371993,0
0,0,0,90,FWR,Lazio,Fiorentina,4,0,2015-03-09,2014,0.0530941,0,1,0,0,0.065225303,0.0121312
1,1,0.387299001,48,Sub,Inter,Fiorentina,0,1,2015-03-01,2014,0.102929004,0,2,1,0.387299001,0.521376014,0.0541991
1,1,0.108186997,23,Sub,Fiorentina,Torino,1,1,2015-02-22,2014,0.150332004,0,3,1,0.108186997,0.258518994,0
1,3,0.458718002,82,FWL,Sassuolo,Fiorentina,1,3,2015-02-14,2014,0.223912999,1,2,1,0.458718002,0.704994023,0.022362599
0,1,0.096759997,24,Sub,Fiorentina,Atalanta,3,2,2015-02-08,2014,0.271180987,0,3,0,0.096759997,0.273180991,0.096759997
0,1,0.439938009,15,Sub,Tottenham,Chelsea,5,3,2015-01-01,2014,0.0263745,0,1,0,0.439938009,0.483119994,0.0168075
0,0,0,2,Sub,Crystal Palace,Chelsea,1,2,2014-10-18,2014,0,0,0,0,0,0,0
0,1,0.062364601,6,Sub,Chelsea,Swansea,4,2,2014-09-13,2014,0,0,0,0,0.062364601,0.062364601,0
